title; tags; date; status; subject; chapterWeek; coverImage; unit; prior; next; reading; bookTitle; studentDeliverableS; semester; relations; note; reference
Writing II Module 2; Module, Archive; 2026-02-02T00:00:00.000Z -> 2026-02-08T00:00:00.000Z; ; Writing II; ; ; ; Writing II Module 1; Writing II Module 3; ; ; ; ; ; ; ./Writing%20II%20Module%202.md
Writing II Module 8; Module, Archive; 2026-03-16T00:00:00.000Z -> 2026-03-22T00:00:00.000Z; ; Writing II; ; ; ; Writing II Module 7; Writing II Module 9; ; ; ; ; ; ; ./Writing%20II%20Module%208.md
Writing II Module 12; Module, Archive; 2026-04-13T00:00:00.000Z -> 2026-04-19T00:00:00.000Z; ; Writing II; ; ; ; Writing II Module 11; Writing II Module 13; ; ; ; ; ; ; ./Writing%20II%20Module%2012.md
Writing II Module 18: Redoing Essays; Module, Archive; 2026-06-08T00:00:00.000Z -> 2026-06-14T00:00:00.000Z; ; Writing II; ; Untitled; ; Writing II Module 17: Revise and Edit; ; ; ; ; ; ; ; ./Writing%20II%20Module%2018%20Redoing%20Essays.md
Writing II Module 16: Revise and Edit; Module, Archive; 2026-05-25T00:00:00.000Z -> 2026-05-29T00:00:00.000Z; ; Writing II; ; ; ; Writing II Module 15; Writing II Module 17: Revise and Edit; ; ; ; ; ; ; ./Writing%20II%20Module%2016%20Revise%20and%20Edit.md
Writing II Module 1; Module, Archive; 2026-01-26T00:00:00.000Z -> 2026-02-01T00:00:00.000Z; ; Writing II; ; ; ; ; Writing II Module 2; ; ; ; ; ; ; ./Writing%20II%20Module%201.md
Writing II Module 6; Module, Archive; 2026-03-02T00:00:00.000Z -> 2026-03-08T00:00:00.000Z; ; Writing II; ; ; ; Writing II Module 5; Writing II Module 7; ; ; ; ; ; ; ./Writing%20II%20Module%206.md
Writing II Module 15; Module, Archive; 2026-05-18T00:00:00.000Z -> 2026-05-24T00:00:00.000Z; ; Writing II; ; ; ; Writing II Module 14; Writing II Module 16: Revise and Edit; ; ; ; ; ; ; ./Writing%20II%20Module%2015.md
Writing II Module 17: Revise and Edit; Module, Archive; 2026-06-01T00:00:00.000Z -> 2026-06-07T00:00:00.000Z; ; Writing II; ; ; ; Writing II Module 16: Revise and Edit; Writing II Module 18: Redoing Essays; ; ; ; ; ; ; ./Writing%20II%20Module%2017%20Revise%20and%20Edit.md
Writing II Module 14; Module, Archive; 2026-05-11T00:00:00.000Z -> 2026-05-17T00:00:00.000Z; ; Writing II; ; ; ; Writing II Module 13; Writing II Module 15; ; ; ; ; ; ; ./Writing%20II%20Module%2014.md
Writing II Module 3; Module, Archive; 2026-02-09T00:00:00.000Z -> 2026-02-15T00:00:00.000Z; ; Writing II; ; ; ; Writing II Module 2; Writing II Module 4; ; ; ; ; ; ; ./Writing%20II%20Module%203.md
Writing II Module 9; Module, Archive; 2026-03-23T00:00:00.000Z -> 2026-03-29T00:00:00.000Z; ; Writing II; ; ; ; Writing II Module 8; Writing II Module 10; ; ; ; ; ; ; ./Writing%20II%20Module%209.md
Writing II Module 5; Module, Archive; 2026-02-23T00:00:00.000Z -> 2026-03-01T00:00:00.000Z; ; Writing II; ; ; ; Writing II Module 4; Writing II Module 6; ; ; ; ; ; ; ./Writing%20II%20Module%205.md
Writing II Module 4; Module, Archive; 2026-02-16T00:00:00.000Z -> 2026-02-22T00:00:00.000Z; ; Writing II; ; ; ; Writing II Module 3; Writing II Module 5; ; ; ; ; ; ; ./Writing%20II%20Module%204.md
Writing II Module 10; Module, Archive; 2026-03-30T00:00:00.000Z -> 2026-04-05T00:00:00.000Z; ; Writing II; ; ; ; Writing II Module 9; Writing II Module 11; ; ; ; ; ; ; ./Writing%20II%20Module%2010.md
Writing II Module 7; Module, Archive; 2026-03-09T00:00:00.000Z -> 2026-03-15T00:00:00.000Z; ; Writing II; ; ; ; Writing II Module 6; Writing II Module 8; ; ; ; ; ; ; ./Writing%20II%20Module%207.md
Writing II Module 13; Module, Archive; 2026-05-04T00:00:00.000Z -> 2026-05-10T00:00:00.000Z; ; Writing II; ; ; ; Writing II Module 12; Writing II Module 14; ; ; ; ; ; ; ./Writing%20II%20Module%2013.md
Writing II Module 11; Module, Archive; 2026-04-06T00:00:00.000Z -> 2026-04-12T00:00:00.000Z; ; Writing II; ; ; ; Writing II Module 10; Writing II Module 12; ; ; ; ; ; ; ./Writing%20II%20Module%2011.md